timestamp,name,code,market,horizon,prev_signal,new_signal,close,source
2026-09-17T00:14:37,京元電子,2449,TW,長期,買進,觀望,261.5,固定
2026-09-17T00:14:37,台達電,2308,TW,長期,賣出減碼,觀望,1710.0,固定
2026-09-17T00:14:37,台積電,2330,TW,長期,買進,賣出減碼,2380.0,固定
2026-09-17T00:14:37,群聯,8299,TW,長期,賣出減碼,觀望,1985.0,固定
2026-09-17T00:14:37,華邦電,2344,TW,長期,買進,觀望,169.0,固定
2026-09-17T00:14:37,金像電,2368,TW,長期,觀望,賣出減碼,992.0,固定
2026-09-17T00:14:37,0050,0050,TW,長期,買進,觀望,106.9,固定
2026-09-17T00:14:37,天鈺,4961,TW,長期,買進,觀望,181.0,固定
2026-09-17T00:14:37,長廣,7795,TW,長期,買進,賣出減碼,476.0,固定
2026-09-17T00:14:37,尖點,8021,TW,長期,買進,觀望,440.0,固定
2026-09-17T00:14:37,奇鋐,3017,TW,長期,買進,觀望,3175.0,固定
2026-09-17T00:14:37,騰輝電子-KY,6672,TW,長期,買進,觀望,304.0,固定
2026-09-17T00:14:37,安葆,7792,TW,長期,買進,觀望,312.0,固定
2026-09-17T00:14:37,陽程,3498,TW,長期,買進,觀望,190.5,固定
2026-09-17T00:14:37,汎銓,6830,TW,長期,加碼,觀望,529.0,固定
2026-09-17T00:14:37,萊德光電-KY,7717,TW,長期,賣出減碼,觀望,527.0,固定
2026-09-17T00:14:37,漢磊,3707,TW,長期,賣出減碼,觀望,63.0,固定
2026-09-17T00:14:37,光聖,6442,TW,長期,賣出減碼,觀望,1575.0,固定
2026-09-17T00:14:37,頎邦,6147,TW,長期,買進,觀望,207.5,固定
2026-09-17T00:14:37,欣興,3037,TW,長期,觀望,賣出減碼,961.0,固定
2026-09-17T00:14:37,主動統一台股增長,00981A,TW,長期,買進,賣出減碼,28.33,固定
2026-09-17T00:14:37,金居,8358,TW,長期,買進,觀望,510.0,固定
2026-09-17T00:14:37,台燿,6274,TW,長期,觀望,賣出減碼,1415.0,固定
2026-09-17T00:14:37,友達,2409,TW,長期,賣出減碼,觀望,29.4,固定
2026-09-17T00:14:37,台新新光金,2887,TW,長期,買進,觀望,44.4,法人排行(買超)
2026-09-17T00:14:37,凱基金,2883,TW,長期,買進,觀望,39.15,法人排行(買超)
2026-09-17T00:14:37,緯創,3231,TW,長期,買進,觀望,183.0,法人排行(買超)
2026-09-17T00:14:37,力積電,6770,TW,長期,買進,觀望,69.9,法人排行(賣超)
2026-09-17T00:14:37,群創,3481,TW,長期,賣出減碼,觀望,48.7,法人排行(賣超)
2026-09-17T00:14:37,旺宏,2337,TW,長期,賣出減碼,觀望,119.0,法人排行(賣超)
2026-09-17T00:14:37,新纖,1409,TW,長期,買進,觀望,23.95,法人排行(賣超)
2026-09-17T00:14:37,矽格,6257,TW,長期,買進,觀望,210.0,法人排行(賣超)
2026-09-17T00:14:37,和桐,1714,TW,長期,賣出減碼,觀望,15.6,法人排行(賣超)
2026-09-17T00:14:37,臺企銀,2834,TW,長期,買進,觀望,18.2,法人排行(賣超)
2026-09-17T00:14:37,彩晶,6116,TW,長期,賣出減碼,觀望,14.15,法人排行(賣超)
2026-09-17T00:14:37,京元電子,2449,TW,短期,賣出減碼,觀望,261.5,固定
2026-09-17T00:14:37,聯電,2303,TW,短期,賣出減碼,觀望,142.0,固定
2026-09-17T00:14:37,華邦電,2344,TW,短期,賣出減碼,觀望,169.0,固定
2026-09-17T00:14:37,南亞科,2408,TW,短期,賣出減碼,觀望,492.5,固定
2026-09-17T00:14:37,高力,8996,TW,短期,賣出減碼,觀望,1300.0,固定
2026-09-17T00:14:37,尖點,8021,TW,短期,賣出減碼,觀望,440.0,固定
2026-09-17T00:14:37,駐龍,4572,TW,短期,賣出減碼,觀望,142.0,固定
2026-09-17T00:14:37,奇鋐,3017,TW,短期,賣出減碼,觀望,3175.0,固定
2026-09-17T00:14:37,騰輝電子-KY,6672,TW,短期,賣出減碼,買進,304.0,固定
2026-09-17T00:14:37,營邦,3693,TW,短期,賣出減碼,觀望,681.0,固定
2026-09-17T00:14:37,陽程,3498,TW,短期,賣出減碼,觀望,190.5,固定
2026-09-17T00:14:37,萊德光電-KY,7717,TW,短期,賣出減碼,觀望,527.0,固定
2026-09-17T00:14:37,光聖,6442,TW,短期,賣出減碼,觀望,1575.0,固定
2026-09-17T00:14:37,頎邦,6147,TW,短期,賣出減碼,觀望,207.5,固定
2026-09-17T00:14:37,欣興,3037,TW,短期,賣出減碼,觀望,961.0,固定
2026-09-17T00:14:37,金居,8358,TW,短期,賣出減碼,觀望,510.0,固定
2026-09-17T00:14:37,盟立,2464,TW,短期,賣出減碼,觀望,183.0,固定
2026-09-17T00:14:37,友達,2409,TW,短期,觀望,賣出減碼,29.4,固定
2026-09-17T00:14:37,台化,1326,TW,短期,觀望,賣出減碼,65.8,法人排行(買超)
2026-09-17T00:14:37,緯創,3231,TW,短期,觀望,賣出減碼,183.0,法人排行(買超)
2026-09-17T00:14:37,力積電,6770,TW,短期,賣出減碼,觀望,69.9,法人排行(賣超)
2026-09-17T00:14:37,台泥,1101,TW,短期,觀望,賣出減碼,24.05,法人排行(賣超)
2026-09-17T09:42:12,騰輝電子-KY,6672,TW,短期,買進,觀望,293.5,固定
2026-09-18T00:33:16,台積電,2330,TW,長期,賣出減碼,觀望,2425.0,固定
2026-09-18T00:33:16,聯電,2303,TW,長期,加碼,觀望,147.5,固定
2026-09-18T00:33:16,環球晶,6488,TW,長期,賣出減碼,觀望,912.0,固定
2026-09-18T00:33:16,金像電,2368,TW,長期,賣出減碼,觀望,950.0,固定
2026-09-18T00:33:16,長廣,7795,TW,長期,賣出減碼,觀望,483.0,固定
2026-09-18T00:33:16,文曄,3036,TW,長期,賣出減碼,觀望,204.0,固定
2026-09-18T00:33:16,台燿,6274,TW,長期,賣出減碼,觀望,1320.0,固定
2026-09-18T00:33:16,弘塑,3131,TW,長期,賣出減碼,觀望,2395.0,固定
2026-09-18T00:33:16,盟立,2464,TW,長期,賣出減碼,觀望,179.5,固定
2026-09-18T00:33:16,景碩,3189,TW,長期,觀望,賣出減碼,805.0,固定
2026-09-18T00:33:16,新唐,4919,TW,長期,賣出減碼,觀望,115.0,固定
2026-09-18T00:33:16,合庫金,5880,TW,長期,加碼,觀望,27.55,法人排行(買超)
2026-09-18T00:33:16,台泥,1101,TW,長期,賣出減碼,觀望,24.45,法人排行(賣超)
2026-09-18T00:33:16,京元電子,2449,TW,短期,觀望,賣出減碼,265.0,固定
2026-09-18T00:33:16,華邦電,2344,TW,短期,觀望,賣出減碼,170.0,固定
2026-09-18T00:33:16,南亞科,2408,TW,短期,觀望,賣出減碼,488.0,固定
2026-09-18T00:33:16,尖點,8021,TW,短期,觀望,賣出減碼,450.0,固定
2026-09-18T00:33:16,奇鋐,3017,TW,短期,觀望,賣出減碼,3185.0,固定
2026-09-18T00:33:16,營邦,3693,TW,短期,觀望,賣出減碼,697.0,固定
2026-09-18T00:33:16,安葆,7792,TW,短期,賣出減碼,觀望,313.0,固定
2026-09-18T00:33:16,文曄,3036,TW,短期,賣出減碼,觀望,204.0,固定
2026-09-18T00:33:16,華通,2313,TW,短期,觀望,賣出減碼,218.5,固定
2026-09-18T00:33:16,光聖,6442,TW,短期,觀望,賣出減碼,1510.0,固定
2026-09-18T00:33:16,頎邦,6147,TW,短期,觀望,賣出減碼,209.5,固定
2026-09-18T00:33:16,主動統一台股增長,00981A,TW,短期,賣出減碼,觀望,28.13,固定
2026-09-18T00:33:16,金居,8358,TW,短期,觀望,賣出減碼,478.5,固定
2026-09-18T00:33:16,景碩,3189,TW,短期,賣出減碼,觀望,805.0,固定
2026-09-18T00:33:16,友達,2409,TW,短期,賣出減碼,觀望,30.0,固定
2026-09-18T00:33:16,台新新光金,2887,TW,短期,觀望,賣出減碼,44.05,法人排行(買超)
2026-09-18T00:33:16,台化,1326,TW,短期,賣出減碼,觀望,68.6,法人排行(買超)
2026-09-18T00:33:16,凱基金,2883,TW,短期,觀望,賣出減碼,39.65,法人排行(買超)
2026-09-18T00:33:16,緯創,3231,TW,短期,賣出減碼,觀望,186.5,法人排行(買超)
2026-09-18T00:33:16,新纖,1409,TW,短期,賣出減碼,觀望,24.8,法人排行(賣超)
2026-09-18T00:33:16,台泥,1101,TW,短期,賣出減碼,觀望,24.45,法人排行(賣超)
2026-09-18T00:33:16,矽格,6257,TW,短期,賣出減碼,觀望,222.5,法人排行(賣超)
2026-09-18T00:33:16,和桐,1714,TW,短期,賣出減碼,觀望,16.05,法人排行(賣超)
2026-09-20T23:59:36,國巨,2327,TW,長期,賣出減碼,觀望,550.0,固定
2026-09-20T23:59:36,亞翔,6139,TW,長期,賣出減碼,觀望,733.0,固定
2026-09-20T23:59:36,主動統一台股增長,00981A,TW,長期,賣出減碼,觀望,29.07,固定
2026-09-20T23:59:36,景碩,3189,TW,長期,賣出減碼,觀望,832.0,固定
2026-09-20T23:59:36,聯茂,6213,TW,長期,加碼,觀望,505.0,固定
2026-09-20T23:59:36,兆豐金,2886,TW,長期,加碼,觀望,51.1,法人排行(買超)
2026-09-20T23:59:36,京元電子,2449,TW,短期,賣出減碼,觀望,291.5,固定
2026-09-20T23:59:36,聯發科,2454,TW,短期,賣出減碼,觀望,4710.0,固定
2026-09-20T23:59:36,台達電,2308,TW,短期,賣出減碼,觀望,1735.0,固定
2026-09-20T23:59:36,群聯,8299,TW,短期,賣出減碼,觀望,2140.0,固定
2026-09-20T23:59:36,華邦電,2344,TW,短期,賣出減碼,買進,179.5,固定
2026-09-20T23:59:36,南亞科,2408,TW,短期,賣出減碼,觀望,525.0,固定
2026-09-20T23:59:36,金像電,2368,TW,短期,賣出減碼,觀望,1020.0,固定
2026-09-20T23:59:36,尖點,8021,TW,短期,賣出減碼,觀望,460.0,固定
2026-09-20T23:59:36,奇鋐,3017,TW,短期,賣出減碼,觀望,3430.0,固定
2026-09-20T23:59:36,營邦,3693,TW,短期,賣出減碼,觀望,704.0,固定
2026-09-20T23:59:36,汎銓,6830,TW,短期,賣出減碼,觀望,563.0,固定
2026-09-20T23:59:36,信紘科,6667,TW,短期,賣出減碼,觀望,262.0,固定
2026-09-20T23:59:36,漢磊,3707,TW,短期,賣出減碼,觀望,62.9,固定
2026-09-20T23:59:36,光聖,6442,TW,短期,賣出減碼,觀望,1575.0,固定
2026-09-20T23:59:36,頎邦,6147,TW,短期,賣出減碼,買進,229.0,固定
2026-09-20T23:59:36,金居,8358,TW,短期,賣出減碼,觀望,499.5,固定
2026-09-20T23:59:36,台燿,6274,TW,短期,賣出減碼,觀望,1370.0,固定
2026-09-20T23:59:36,盟立,2464,TW,短期,觀望,買進,197.0,固定
2026-09-20T23:59:36,中天,4128,TW,短期,賣出減碼,觀望,14.6,固定
2026-09-20T23:59:36,永笙-KY,4178,TW,短期,賣出減碼,觀望,17.0,固定
2026-09-20T23:59:36,新唐,4919,TW,短期,賣出減碼,觀望,126.5,固定
2026-09-20T23:59:36,力積電,6770,TW,短期,觀望,買進,74.0,法人排行(買超)
2026-09-21T10:15:46,華邦電,2344,TW,短期,買進,觀望,174.0,固定
2026-09-21T10:15:46,頎邦,6147,TW,短期,買進,觀望,224.0,固定
2026-09-21T10:15:46,盟立,2464,TW,短期,買進,觀望,192.5,固定
2026-09-21T10:15:46,力積電,6770,TW,短期,買進,觀望,72.7,法人排行(買超)
2026-09-22T00:41:48,聯發科,2454,TW,長期,觀望,賣出減碼,5010.0,固定
2026-09-22T00:41:48,營邦,3693,TW,長期,賣出減碼,觀望,702.0,固定
2026-09-22T00:41:48,信紘科,6667,TW,長期,賣出減碼,觀望,259.5,固定
2026-09-22T00:41:48,頎邦,6147,TW,長期,觀望,加碼,224.0,固定
2026-09-22T00:41:48,兆豐金,2886,TW,長期,觀望,賣出減碼,51.1,法人排行(買超)
2026-09-22T00:41:48,群創,3481,TW,長期,觀望,賣出減碼,50.4,法人排行(買超)
2026-09-22T00:41:48,日月光投控,3711,TW,長期,觀望,加碼,663.0,法人排行(買超)
2026-09-22T00:41:48,仁寶,2324,TW,長期,觀望,賣出減碼,37.6,法人排行(賣超)
2026-09-22T00:41:48,緯創,3231,TW,長期,觀望,加碼,186.5,法人排行(賣超)
2026-09-22T00:41:48,聯發科元大64購06,066186,TW,長期,賣出減碼,觀望,1.71,法人排行(賣超)
2026-09-22T00:41:48,金像電,2368,TW,短期,觀望,買進,1045.0,固定
2026-09-22T00:41:48,陽程,3498,TW,短期,觀望,賣出減碼,196.0,固定
2026-09-22T00:41:48,華通,2313,TW,短期,賣出減碼,觀望,222.0,固定
2026-09-22T00:41:48,中天,4128,TW,短期,觀望,賣出減碼,14.65,固定
2026-09-22T00:41:48,永笙-KY,4178,TW,短期,觀望,賣出減碼,16.8,固定
2026-09-22T00:41:48,新唐,4919,TW,短期,觀望,賣出減碼,125.5,固定
2026-09-22T00:41:48,聯茂,6213,TW,短期,觀望,買進,542.0,固定
2026-09-22T00:41:48,群創,3481,TW,短期,賣出減碼,觀望,50.4,法人排行(買超)
2026-09-22T00:41:48,仁寶,2324,TW,短期,觀望,賣出減碼,37.6,法人排行(賣超)
2026-09-22T00:41:48,宏碁,2353,TW,短期,觀望,賣出減碼,32.15,法人排行(賣超)
2026-09-22T00:41:48,鼎元,2426,TW,短期,觀望,賣出減碼,99.8,法人排行(賣超)
2026-09-22T09:31:39,金像電,2368,TW,短期,買進,觀望,1040.0,固定
2026-09-22T09:31:39,聯茂,6213,TW,短期,買進,觀望,543.0,固定
2026-09-23T00:09:50,聯發科,2454,TW,長期,賣出減碼,觀望,5180.0,固定
2026-09-23T00:09:50,聯電,2303,TW,長期,觀望,加碼,160.0,固定
2026-09-23T00:09:50,嘉澤,3533,TW,長期,賣出減碼,觀望,1745.0,固定
2026-09-23T00:09:50,SLS,SLS,US,長期,賣出減碼,觀望,12.02,固定
2026-09-23T00:09:50,高力,8996,TW,長期,賣出減碼,觀望,1655.0,固定
2026-09-23T00:09:50,奇鋐,3017,TW,長期,觀望,加碼,3390.0,固定
2026-09-23T00:09:50,安葆,7792,TW,長期,觀望,加碼,378.0,固定
2026-09-23T00:09:50,亞翔,6139,TW,長期,觀望,賣出減碼,715.0,固定
2026-09-23T00:09:50,大量,3167,TW,長期,觀望,加碼,864.0,固定
2026-09-23T00:09:50,第一金,2892,TW,長期,加碼,觀望,39.9,法人排行(買超)
2026-09-23T00:09:50,兆豐金,2886,TW,長期,賣出減碼,觀望,50.5,法人排行(買超)
2026-09-23T00:09:50,群創,3481,TW,長期,賣出減碼,觀望,50.5,法人排行(買超)
2026-09-23T00:09:50,陽明,2609,TW,長期,加碼,觀望,60.8,法人排行(買超)
2026-09-23T00:09:50,日月光投控,3711,TW,長期,加碼,觀望,693.0,法人排行(買超)
2026-09-23T00:09:50,上海商銀,5876,TW,長期,加碼,觀望,49.7,法人排行(買超)
2026-09-23T00:09:50,緯創,3231,TW,長期,加碼,觀望,180.5,法人排行(賣超)
2026-09-23T00:09:50,英業達,2356,TW,長期,觀望,賣出減碼,61.2,法人排行(賣超)
2026-09-23T00:09:50,宏碁,2353,TW,長期,加碼,觀望,31.4,法人排行(賣超)
2026-09-23T00:09:50,華邦電,2344,TW,短期,觀望,賣出減碼,171.0,固定
2026-09-23T00:09:50,南亞科,2408,TW,短期,觀望,賣出減碼,497.0,固定
2026-09-23T00:09:50,長廣,7795,TW,短期,賣出減碼,觀望,505.0,固定
2026-09-23T00:09:50,駐龍,4572,TW,短期,觀望,賣出減碼,139.0,固定
2026-09-23T00:09:50,奇鋐,3017,TW,短期,觀望,賣出減碼,3390.0,固定
2026-09-23T00:09:50,營邦,3693,TW,短期,觀望,賣出減碼,700.0,固定
2026-09-23T00:09:50,陽程,3498,TW,短期,賣出減碼,觀望,205.5,固定
2026-09-23T00:09:50,信紘科,6667,TW,短期,觀望,賣出減碼,263.5,固定
2026-09-23T00:09:50,華通,2313,TW,短期,觀望,賣出減碼,222.0,固定
2026-09-23T00:09:50,頎邦,6147,TW,短期,觀望,賣出減碼,219.0,固定
2026-09-23T00:09:50,金居,8358,TW,短期,觀望,賣出減碼,491.5,固定
2026-09-23T00:09:50,期元大S&P黃金,00635U,TW,短期,觀望,賣出減碼,44.69,固定
2026-09-23T00:09:50,新唐,4919,TW,短期,賣出減碼,觀望,133.5,固定
2026-09-23T00:09:50,大量,3167,TW,短期,觀望,買進,864.0,固定
2026-09-23T00:09:50,南電,8046,TW,短期,賣出減碼,觀望,1165.0,固定
2026-09-23T00:09:50,力積電,6770,TW,短期,觀望,賣出減碼,71.8,法人排行(買超)
2026-09-23T00:09:50,群創,3481,TW,短期,觀望,賣出減碼,50.5,法人排行(買超)
2026-09-23T00:09:50,仁寶,2324,TW,短期,賣出減碼,觀望,37.05,法人排行(賣超)
2026-09-23T00:09:50,英業達,2356,TW,短期,觀望,賣出減碼,61.2,法人排行(賣超)
2026-09-23T00:09:50,鴻海,2317,TW,短期,觀望,賣出減碼,253.0,法人排行(賣超)
2026-09-23T00:09:50,鼎元,2426,TW,短期,賣出減碼,觀望,98.8,法人排行(賣超)
2026-09-23T00:09:50,強茂,2481,TW,短期,觀望,賣出減碼,171.0,法人排行(賣超)
2026-09-23T09:36:25,大量,3167,TW,短期,買進,觀望,890.0,固定
2026-09-24T00:20:35,環球晶,6488,TW,長期,觀望,賣出減碼,950.0,固定
2026-09-24T00:20:35,光聖,6442,TW,長期,觀望,賣出減碼,1515.0,固定
2026-09-24T00:20:35,弘塑,3131,TW,長期,觀望,賣出減碼,2365.0,固定
2026-09-24T00:20:35,臻鼎,4958,TW,長期,觀望,賣出減碼,473.0,固定
2026-09-24T00:20:35,臺企銀,2834,TW,長期,觀望,賣出減碼,17.9,法人排行(買超)
2026-09-24T00:20:35,兆豐金,2886,TW,長期,觀望,賣出減碼,50.0,法人排行(買超)
2026-09-24T00:20:35,緯創,3231,TW,長期,觀望,賣出減碼,180.0,法人排行(賣超)
2026-09-24T00:20:35,宏碁,2353,TW,長期,觀望,加碼,31.55,法人排行(賣超)
2026-09-24T00:20:35,華邦電,2344,TW,短期,賣出減碼,觀望,172.5,固定
2026-09-24T00:20:35,南亞科,2408,TW,短期,賣出減碼,觀望,515.0,固定
2026-09-24T00:20:35,長廣,7795,TW,短期,觀望,賣出減碼,490.5,固定
2026-09-24T00:20:35,營邦,3693,TW,短期,賣出減碼,觀望,732.0,固定
2026-09-24T00:20:35,信紘科,6667,TW,短期,賣出減碼,觀望,261.5,固定
2026-09-24T00:20:35,華通,2313,TW,短期,賣出減碼,觀望,224.0,固定
2026-09-24T00:20:35,頎邦,6147,TW,短期,賣出減碼,觀望,214.5,固定
2026-09-24T00:20:35,金居,8358,TW,短期,賣出減碼,觀望,497.0,固定
2026-09-24T00:20:35,盟立,2464,TW,短期,觀望,買進,195.0,固定
2026-09-24T00:20:35,中天,4128,TW,短期,賣出減碼,觀望,14.85,固定
2026-09-24T00:20:35,期元大S&P黃金,00635U,TW,短期,賣出減碼,觀望,44.77,固定
2026-09-24T00:20:35,元大台灣50反1,00632R,TW,短期,觀望,賣出減碼,9.49,固定
2026-09-24T00:20:35,南電,8046,TW,短期,觀望,買進,1210.0,固定
2026-09-24T00:20:35,力積電,6770,TW,短期,賣出減碼,觀望,73.1,法人排行(買超)
2026-09-24T00:20:35,臺企銀,2834,TW,短期,觀望,賣出減碼,17.9,法人排行(買超)
2026-09-24T00:20:35,群創,3481,TW,短期,賣出減碼,觀望,49.6,法人排行(買超)
2026-09-24T00:20:35,緯創,3231,TW,短期,觀望,賣出減碼,180.0,法人排行(賣超)
2026-09-24T00:20:35,英業達,2356,TW,短期,賣出減碼,觀望,61.0,法人排行(賣超)
2026-09-24T00:20:35,宏碁,2353,TW,短期,賣出減碼,觀望,31.55,法人排行(賣超)
2026-09-24T00:20:35,鴻海,2317,TW,短期,賣出減碼,觀望,256.0,法人排行(賣超)
2026-09-24T00:20:35,鼎元,2426,TW,短期,觀望,賣出減碼,97.8,法人排行(賣超)
2026-09-24T09:36:14,盟立,2464,TW,短期,買進,賣出減碼,195.5,固定
2026-09-24T09:36:14,南電,8046,TW,短期,買進,觀望,1240.0,固定
2026-09-25T00:23:05,聯發科,2454,TW,長期,觀望,賣出減碼,5285.0,固定
2026-09-25T00:23:05,台達電,2308,TW,長期,觀望,賣出減碼,1910.0,固定
2026-09-25T00:23:05,聯電,2303,TW,長期,加碼,賣出減碼,154.0,固定
2026-09-25T00:23:05,群聯,8299,TW,長期,觀望,賣出減碼,2125.0,固定
2026-09-25T00:23:05,華邦電,2344,TW,長期,觀望,賣出減碼,171.5,固定
2026-09-25T00:23:05,南亞科,2408,TW,長期,觀望,賣出減碼,503.0,固定
2026-09-25T00:23:05,國巨,2327,TW,長期,觀望,賣出減碼,580.0,固定
2026-09-25T00:23:05,SLS,SLS,US,長期,觀望,賣出減碼,11.98,固定
2026-09-25T00:23:05,環球晶,6488,TW,長期,賣出減碼,觀望,948.0,固定
2026-09-25T00:23:05,0050,0050,TW,長期,觀望,賣出減碼,112.4,固定
2026-09-25T00:23:05,長廣,7795,TW,長期,觀望,賣出減碼,490.5,固定
2026-09-25T00:23:05,安葆,7792,TW,長期,加碼,觀望,435.5,固定
2026-09-25T00:23:05,陽程,3498,TW,長期,觀望,賣出減碼,214.0,固定
2026-09-25T00:23:05,信紘科,6667,TW,長期,觀望,賣出減碼,261.5,固定
2026-09-25T00:23:05,漢磊,3707,TW,長期,觀望,賣出減碼,72.8,固定
2026-09-25T00:23:05,新唐,4919,TW,長期,觀望,賣出減碼,136.0,固定
2026-09-25T00:23:05,大量,3167,TW,長期,加碼,觀望,949.0,固定
2026-09-25T00:23:05,臻鼎,4958,TW,長期,賣出減碼,觀望,475.5,固定
2026-09-25T00:23:05,第一金,2892,TW,長期,觀望,賣出減碼,39.5,法人排行(買超)
2026-09-25T00:23:05,臺企銀,2834,TW,長期,賣出減碼,觀望,17.85,法人排行(買超)
2026-09-25T00:23:05,群創,3481,TW,長期,觀望,賣出減碼,49.55,法人排行(買超)
2026-09-25T00:23:05,合庫金,5880,TW,長期,觀望,賣出減碼,26.45,法人排行(買超)
2026-09-25T00:23:05,日月光投控,3711,TW,長期,觀望,賣出減碼,699.0,法人排行(買超)
2026-09-25T00:23:05,上海商銀,5876,TW,長期,觀望,賣出減碼,48.95,法人排行(買超)
2026-09-25T00:23:05,宏碁,2353,TW,長期,加碼,觀望,31.75,法人排行(賣超)
2026-09-25T00:23:05,鴻海,2317,TW,長期,觀望,賣出減碼,250.5,法人排行(賣超)
2026-09-25T00:23:05,華邦電,2344,TW,短期,觀望,賣出減碼,171.5,固定
2026-09-25T00:23:05,南亞科,2408,TW,短期,觀望,賣出減碼,503.0,固定
2026-09-25T00:23:05,國巨,2327,TW,短期,賣出減碼,觀望,580.0,固定
2026-09-25T00:23:05,長廣,7795,TW,短期,賣出減碼,觀望,490.5,固定
2026-09-25T00:23:05,駐龍,4572,TW,短期,賣出減碼,觀望,139.5,固定
2026-09-25T00:23:05,奇鋐,3017,TW,短期,賣出減碼,觀望,3555.0,固定
2026-09-25T00:23:05,亞翔,6139,TW,短期,賣出減碼,觀望,753.0,固定
2026-09-25T00:23:05,金居,8358,TW,短期,觀望,買進,511.0,固定
2026-09-25T00:23:05,臻鼎,4958,TW,短期,賣出減碼,觀望,475.5,固定
2026-09-25T00:23:05,力積電,6770,TW,短期,觀望,賣出減碼,72.0,法人排行(買超)
2026-09-25T00:23:05,臺企銀,2834,TW,短期,賣出減碼,觀望,17.85,法人排行(買超)
2026-09-25T00:23:05,中華電,2412,TW,短期,觀望,賣出減碼,145.0,法人排行(買超)
2026-09-25T00:23:05,緯創,3231,TW,短期,賣出減碼,觀望,184.5,法人排行(賣超)
2026-09-25T00:23:05,鼎元,2426,TW,短期,賣出減碼,觀望,96.9,法人排行(賣超)
2026-09-25T00:23:05,強茂,2481,TW,短期,賣出減碼,觀望,174.5,法人排行(賣超)
2026-09-28T00:25:52,SLS,SLS,US,長期,賣出減碼,觀望,11.61,固定
2026-09-28T11:17:40,金居,8358,TW,短期,買進,觀望,511.0,固定
2026-09-30T01:12:14,聯發科,2454,TW,長期,賣出減碼,觀望,4910.0,固定
2026-09-30T01:12:14,台達電,2308,TW,長期,賣出減碼,觀望,1835.0,固定
2026-09-30T01:12:14,群聯,8299,TW,長期,賣出減碼,觀望,2115.0,固定
2026-09-30T01:12:14,華邦電,2344,TW,長期,賣出減碼,觀望,174.0,固定
2026-09-30T01:12:14,國巨,2327,TW,長期,賣出減碼,觀望,548.0,固定
2026-09-30T01:12:14,0050,0050,TW,長期,賣出減碼,觀望,111.3,固定
2026-09-30T01:12:14,奇鋐,3017,TW,長期,加碼,賣出減碼,3400.0,固定
2026-09-30T01:12:14,安葆,7792,TW,長期,觀望,加碼,416.0,固定
2026-09-30T01:12:14,信紘科,6667,TW,長期,賣出減碼,觀望,259.0,固定
2026-09-30T01:12:14,萊德光電-KY,7717,TW,長期,觀望,加碼,592.0,固定
2026-09-30T01:12:14,漢磊,3707,TW,長期,賣出減碼,加碼,72.9,固定
2026-09-30T01:12:14,頎邦,6147,TW,長期,加碼,觀望,208.5,固定
2026-09-30T01:12:14,弘塑,3131,TW,長期,賣出減碼,觀望,2475.0,固定
2026-09-30T01:12:14,新唐,4919,TW,長期,賣出減碼,觀望,135.5,固定
2026-09-30T01:12:14,第一金,2892,TW,長期,賣出減碼,觀望,38.6,法人排行(買超)
2026-09-30T01:12:14,矽格,6257,TW,長期,加碼,觀望,236.5,法人排行(買超)
2026-09-30T01:12:14,台塑,1301,TW,長期,賣出減碼,觀望,64.6,法人排行(賣超)
2026-09-30T01:12:14,群創,3481,TW,長期,賣出減碼,觀望,49.75,法人排行(賣超)
2026-09-30T01:12:14,聯發科,2454,TW,短期,觀望,賣出減碼,4910.0,固定
2026-09-30T01:12:14,聯電,2303,TW,短期,觀望,賣出減碼,153.5,固定
2026-09-30T01:12:14,台達電,2308,TW,短期,觀望,賣出減碼,1835.0,固定
2026-09-30T01:12:14,華邦電,2344,TW,短期,賣出減碼,觀望,174.0,固定
2026-09-30T01:12:14,南亞科,2408,TW,短期,賣出減碼,觀望,506.0,固定
2026-09-30T01:12:14,國巨,2327,TW,短期,觀望,賣出減碼,548.0,固定
2026-09-30T01:12:14,駐龍,4572,TW,短期,觀望,賣出減碼,139.0,固定
2026-09-30T01:12:14,安葆,7792,TW,短期,觀望,買進,416.0,固定
2026-09-30T01:12:14,汎銓,6830,TW,短期,觀望,賣出減碼,533.0,固定
2026-09-30T01:12:14,信紘科,6667,TW,短期,觀望,賣出減碼,259.0,固定
2026-09-30T01:12:14,文曄,3036,TW,短期,觀望,賣出減碼,207.5,固定
2026-09-30T01:12:14,亞翔,6139,TW,短期,觀望,賣出減碼,732.0,固定
2026-09-30T01:12:14,頎邦,6147,TW,短期,觀望,賣出減碼,208.5,固定
2026-09-30T01:12:14,新唐,4919,TW,短期,觀望,賣出減碼,135.5,固定
2026-09-30T01:12:14,力積電,6770,TW,短期,賣出減碼,觀望,72.3,法人排行(買超)
2026-09-30T01:12:14,中信金,2891,TW,短期,觀望,賣出減碼,68.7,法人排行(買超)
2026-09-30T01:12:14,中華電,2412,TW,短期,賣出減碼,觀望,144.0,法人排行(買超)
2026-09-30T01:12:14,第一金,2892,TW,短期,觀望,賣出減碼,38.6,法人排行(買超)
2026-09-30T01:12:14,臺企銀,2834,TW,短期,觀望,賣出減碼,17.6,法人排行(買超)
2026-09-30T01:12:14,宏碁,2353,TW,短期,觀望,賣出減碼,31.4,法人排行(買超)
2026-09-30T01:12:14,南茂,8150,TW,短期,觀望,賣出減碼,104.5,法人排行(買超)
2026-09-30T01:12:14,仁寶,2324,TW,短期,觀望,賣出減碼,36.05,法人排行(賣超)
2026-09-30T10:47:09,安葆,7792,TW,短期,買進,觀望,424.0,固定
2026-10-01T01:10:36,南亞科,2408,TW,長期,賣出減碼,觀望,519.0,固定
2026-10-01T01:10:36,安葆,7792,TW,長期,加碼,觀望,424.0,固定
2026-10-01T01:10:36,中信金,2891,TW,長期,賣出減碼,觀望,68.4,法人排行(買超)
2026-10-01T01:10:36,矽格,6257,TW,長期,觀望,加碼,254.0,法人排行(買超)
2026-10-01T01:10:36,台達電中信63購03,061946,TW,長期,觀望,賣出減碼,0.58,法人排行(賣超)
2026-10-01T01:10:36,群創,3481,TW,長期,觀望,加碼,54.7,法人排行(賣超)
2026-10-01T01:10:36,嘉澤,3533,TW,短期,賣出減碼,觀望,1770.0,固定
2026-10-01T01:10:36,汎銓,6830,TW,短期,賣出減碼,觀望,533.0,固定
2026-10-01T01:10:36,環球晶,6488,TW,短期,賣出減碼,觀望,1035.0,固定
2026-10-01T01:10:36,力積電,6770,TW,短期,觀望,買進,75.3,法人排行(買超)
2026-10-01T01:10:36,第一金,2892,TW,短期,賣出減碼,觀望,38.65,法人排行(買超)
2026-10-01T01:10:36,臺企銀,2834,TW,短期,賣出減碼,觀望,17.75,法人排行(買超)
2026-10-01T01:10:36,宏碁,2353,TW,短期,賣出減碼,觀望,31.65,法人排行(買超)
2026-10-01T01:10:36,仁寶,2324,TW,短期,賣出減碼,觀望,37.1,法人排行(賣超)
2026-10-01T01:10:36,南亞,1303,TW,短期,觀望,賣出減碼,255.5,🔥法人排行(賣超)＋雷老闆YT提及
2026-10-01T01:10:36,泰金寶-DR,9105,TW,短期,觀望,賣出減碼,8.53,法人排行(賣超)
2026-10-01T11:13:25,力積電,6770,TW,短期,買進,觀望,74.5,法人排行(買超)
2026-10-02T01:25:04,聯發科,2454,TW,長期,觀望,賣出減碼,4980.0,固定
2026-10-02T01:25:04,中信金,2891,TW,長期,觀望,賣出減碼,67.9,法人排行(買超)
2026-10-02T01:25:04,第一金,2892,TW,長期,觀望,賣出減碼,38.7,法人排行(買超)
2026-10-02T01:25:04,台達電中信63購03,061946,TW,長期,賣出減碼,觀望,0.59,法人排行(賣超)
2026-10-02T01:25:04,群創,3481,TW,長期,加碼,觀望,52.3,法人排行(賣超)
2026-10-02T01:25:04,泰金寶-DR,9105,TW,長期,觀望,賣出減碼,8.45,法人排行(賣超)
2026-10-02T01:25:04,信昌電,6173,TW,長期,觀望,賣出減碼,302.5,Jason提及
2026-10-02T01:25:04,高力,8996,TW,長期,觀望,賣出減碼,1565.0,Jason提及
2026-10-02T01:25:04,聯發科,2454,TW,短期,賣出減碼,觀望,4980.0,固定
2026-10-02T01:25:04,陽程,3498,TW,短期,觀望,賣出減碼,219.5,固定
2026-10-02T01:25:04,永笙-KY,4178,TW,短期,賣出減碼,觀望,18.35,固定
2026-10-02T01:25:04,金居,8358,TW,短期,觀望,賣出減碼,505.0,固定
2026-10-02T01:25:04,中信金,2891,TW,短期,賣出減碼,觀望,67.9,法人排行(買超)
2026-10-02T01:25:04,南茂,8150,TW,短期,賣出減碼,觀望,115.5,法人排行(買超)
2026-10-02T01:25:04,富喬,1815,TW,短期,觀望,賣出減碼,116.0,法人排行(賣超)
2026-10-02T01:25:04,仁寶,2324,TW,短期,觀望,賣出減碼,36.65,法人排行(賣超)
2026-10-02T01:25:04,南亞,1303,TW,短期,賣出減碼,觀望,254.0,🔥法人排行(賣超)＋雷老闆YT提及
2026-10-02T01:25:04,泰金寶-DR,9105,TW,短期,賣出減碼,觀望,8.45,法人排行(賣超)
2026-10-02T01:25:04,台達電,2308,TW,短期,賣出減碼,觀望,1905.0,Jason提及
2026-10-05T00:34:18,聯發科,2454,TW,長期,賣出減碼,觀望,4950.0,固定
2026-10-05T00:34:18,金像電,2368,TW,長期,觀望,賣出減碼,1105.0,固定
2026-10-05T00:34:18,陽程,3498,TW,長期,賣出減碼,觀望,215.0,固定
2026-10-05T00:34:18,安葆,7792,TW,長期,觀望,加碼,425.0,固定
2026-10-05T00:34:18,力積電,6770,TW,長期,觀望,加碼,76.5,法人排行(買超)
2026-10-05T00:34:18,中石化,1314,TW,長期,觀望,賣出減碼,8.95,法人排行(買超)
2026-10-05T00:34:18,臺企銀,2834,TW,長期,觀望,賣出減碼,17.45,法人排行(賣超)
2026-10-05T00:34:18,家登,3680,TW,長期,加碼,觀望,552.0,Jason提及
2026-10-05T00:34:18,信昌電,6173,TW,長期,賣出減碼,觀望,303.0,Jason提及
2026-10-05T00:34:18,光聖,6442,TW,長期,賣出減碼,觀望,1625.0,Jason提及
2026-10-05T00:34:18,高力,8996,TW,長期,賣出減碼,觀望,1510.0,Jason提及
2026-10-05T00:34:18,陽程,3498,TW,短期,賣出減碼,觀望,215.0,固定
2026-10-05T00:34:18,永笙-KY,4178,TW,短期,觀望,買進,18.0,固定
2026-10-05T00:34:18,台燿,6274,TW,短期,觀望,買進,1620.0,固定
2026-10-05T00:34:18,金居,8358,TW,短期,賣出減碼,觀望,519.0,固定
2026-10-05T00:34:18,仁寶,2324,TW,短期,賣出減碼,觀望,36.2,法人排行(賣超)
2026-10-05T11:53:32,永笙-KY,4178,TW,短期,買進,賣出減碼,17.65,固定
2026-10-05T11:53:32,台燿,6274,TW,短期,買進,觀望,1780.0,固定
2026-10-06T02:08:46,金像電,2368,TW,長期,賣出減碼,觀望,1215.0,固定
2026-10-06T02:08:46,力積電,6770,TW,長期,加碼,觀望,75.8,法人排行(買超)
2026-10-06T02:08:46,兆豐金,2886,TW,長期,賣出減碼,觀望,48.55,法人排行(買超)
2026-10-06T02:08:46,中石化,1314,TW,長期,賣出減碼,觀望,8.67,法人排行(買超)
2026-10-06T02:08:46,臺企銀,2834,TW,長期,賣出減碼,觀望,17.3,法人排行(賣超)
2026-10-06T02:08:46,元大金,2885,TW,長期,賣出減碼,觀望,68.2,法人排行(賣超)
2026-10-06T02:08:46,頎邦,6147,TW,長期,觀望,加碼,216.0,雷老闆YT提及
2026-10-06T02:08:46,嘉澤,3533,TW,短期,觀望,賣出減碼,1875.0,固定
2026-10-06T02:08:46,陽程,3498,TW,短期,觀望,賣出減碼,236.5,固定
2026-10-06T02:08:46,汎銓,6830,TW,短期,觀望,賣出減碼,550.0,固定
2026-10-06T02:08:46,力積電,6770,TW,短期,觀望,賣出減碼,75.8,法人排行(買超)
2026-10-06T02:08:46,台塑,1301,TW,短期,觀望,賣出減碼,68.5,法人排行(買超)
2026-10-06T02:08:46,聯電,2303,TW,短期,觀望,賣出減碼,152.5,🔥法人排行(買超)＋雷老闆YT提及
2026-10-06T02:08:46,京元電子,2449,TW,短期,觀望,賣出減碼,294.0,🔥法人排行(賣超)＋雷老闆YT提及
2026-10-06T02:08:46,遠東銀,2845,TW,短期,賣出減碼,觀望,12.8,法人排行(賣超)
2026-10-06T02:08:46,英業達,2356,TW,短期,觀望,賣出減碼,58.3,法人排行(賣超)
2026-10-06T02:08:46,頎邦,6147,TW,短期,觀望,賣出減碼,216.0,雷老闆YT提及
2026-10-06T02:08:46,家登,3680,TW,短期,觀望,賣出減碼,561.0,Jason提及
2026-10-06T02:08:46,泰合,6467,TW,短期,觀望,賣出減碼,220.0,Jason提及
2026-10-07T01:17:02,環球晶,6488,TW,長期,觀望,加碼,1205.0,固定
2026-10-07T01:17:02,聯電,2303,TW,長期,觀望,賣出減碼,147.5,🔥法人排行(買超)＋雷老闆YT提及
2026-10-07T01:17:02,頎邦,6147,TW,長期,加碼,觀望,216.5,雷老闆YT提及
2026-10-07T01:17:02,華新科,2492,TW,長期,觀望,加碼,389.5,Jason提及
2026-10-07T01:17:02,華邦電,2344,TW,短期,觀望,賣出減碼,177.5,固定
2026-10-07T01:17:02,聯發科,2454,TW,短期,觀望,賣出減碼,4920.0,固定
2026-10-07T01:17:02,南亞科,2408,TW,短期,觀望,賣出減碼,525.0,固定
2026-10-07T01:17:02,嘉澤,3533,TW,短期,賣出減碼,觀望,1865.0,固定
2026-10-07T01:17:02,永笙-KY,4178,TW,短期,賣出減碼,觀望,17.6,固定
2026-10-07T01:17:02,汎銓,6830,TW,短期,賣出減碼,觀望,527.0,固定
2026-10-07T01:17:02,力積電,6770,TW,短期,賣出減碼,觀望,74.3,法人排行(買超)
2026-10-07T01:17:02,台塑,1301,TW,短期,賣出減碼,觀望,68.6,法人排行(買超)
2026-10-07T01:17:02,聯電,2303,TW,短期,賣出減碼,觀望,147.5,🔥法人排行(買超)＋雷老闆YT提及
2026-10-07T01:17:02,京元電子,2449,TW,短期,賣出減碼,觀望,298.0,🔥法人排行(賣超)＋雷老闆YT提及
2026-10-07T01:17:02,英業達,2356,TW,短期,賣出減碼,觀望,58.6,法人排行(賣超)
2026-10-07T01:17:02,頎邦,6147,TW,短期,賣出減碼,觀望,216.5,雷老闆YT提及
2026-10-07T01:17:02,台達電,2308,TW,短期,觀望,買進,2050.0,Jason提及
2026-10-07T01:17:02,光聖,6442,TW,短期,觀望,賣出減碼,1650.0,Jason提及
2026-10-07T01:17:02,泰合,6467,TW,短期,賣出減碼,觀望,220.5,Jason提及
2026-10-07T11:23:48,台達電,2308,TW,短期,買進,觀望,1990.0,Jason提及
2026-10-08T01:38:48,金居,8358,TW,長期,觀望,賣出減碼,549.0,固定
2026-10-08T01:38:48,力積電,6770,TW,長期,觀望,賣出減碼,72.6,法人排行(買超)
2026-10-08T01:38:48,聯電,2303,TW,長期,賣出減碼,觀望,148.5,🔥法人排行(買超)＋雷老闆YT提及
2026-10-08T01:38:48,華邦電,2344,TW,短期,賣出減碼,觀望,179.5,固定
2026-10-08T01:38:48,聯發科,2454,TW,短期,賣出減碼,觀望,4835.0,固定
2026-10-08T01:38:48,嘉澤,3533,TW,短期,觀望,賣出減碼,1825.0,固定
2026-10-08T01:38:48,陽程,3498,TW,短期,賣出減碼,觀望,231.5,固定
2026-10-08T01:38:48,永笙-KY,4178,TW,短期,觀望,賣出減碼,18.05,固定
2026-10-08T01:38:48,力積電,6770,TW,短期,觀望,賣出減碼,72.6,法人排行(買超)
2026-10-08T01:38:48,頎邦,6147,TW,短期,觀望,賣出減碼,231.5,雷老闆YT提及
2026-10-08T01:38:48,家登,3680,TW,短期,賣出減碼,觀望,567.0,Jason提及
2026-10-08T01:38:48,光聖,6442,TW,短期,賣出減碼,觀望,1815.0,Jason提及
2026-10-09T01:50:31,聯發科,2454,TW,長期,觀望,賣出減碼,4690.0,固定
2026-10-09T01:50:31,華邦電,2344,TW,長期,觀望,賣出減碼,177.0,固定
2026-10-09T01:50:31,嘉澤,3533,TW,長期,觀望,賣出減碼,1915.0,固定
2026-10-09T01:50:31,台燿,6274,TW,長期,觀望,賣出減碼,1740.0,固定
2026-10-09T01:50:31,安葆,7792,TW,長期,加碼,賣出減碼,403.5,固定
2026-10-09T01:50:31,金居,8358,TW,長期,賣出減碼,觀望,535.0,固定
2026-10-09T01:50:31,統一,1216,TW,長期,賣出減碼,觀望,75.6,法人排行(賣超)
2026-10-09T01:50:31,永光,1711,TW,長期,觀望,賣出減碼,46.25,Jason提及
2026-10-09T01:50:31,穩懋,3105,TW,長期,觀望,賣出減碼,581.0,Jason提及
2026-10-09T01:50:31,高力,8996,TW,長期,觀望,賣出減碼,1710.0,Jason提及
2026-10-09T01:50:31,南亞科,2408,TW,短期,賣出減碼,觀望,532.0,固定
2026-10-09T01:50:31,友達,2409,TW,短期,觀望,賣出減碼,36.6,固定
2026-10-09T01:50:31,嘉澤,3533,TW,短期,賣出減碼,觀望,1915.0,固定
2026-10-09T01:50:31,陽程,3498,TW,短期,觀望,賣出減碼,225.5,固定
2026-10-09T01:50:31,永笙-KY,4178,TW,短期,賣出減碼,觀望,19.6,固定
2026-10-09T01:50:31,聯電,2303,TW,短期,觀望,賣出減碼,147.5,🔥法人排行(買超)＋雷老闆YT提及
2026-10-09T01:50:31,中石化,1314,TW,短期,觀望,賣出減碼,9.06,法人排行(買超)
2026-10-09T01:50:31,台新新光金,2887,TW,短期,觀望,賣出減碼,41.0,法人排行(賣超)
2026-10-09T01:50:31,京元電子,2449,TW,短期,觀望,賣出減碼,304.5,🔥法人排行(賣超)＋雷老闆YT提及
2026-10-09T01:50:31,元大金,2885,TW,短期,觀望,賣出減碼,68.3,法人排行(賣超)
2026-10-09T01:50:31,台達電,2308,TW,短期,觀望,賣出減碼,1965.0,Jason提及
